ID,Description,GeneRatio,BgRatio,pvalue,p.adjust,qvalue,geneID,Count
GO:0043010,camera-type eye development,4/11,340/18903,3.070991976359321e-5,0.005324083224652752,0.002984106797139615,LHX2/VIM/SLC17A6/LHX1,4
GO:0001654,eye development,4/11,388/18903,5.145121812627474e-5,0.005324083224652752,0.002984106797139615,LHX2/VIM/SLC17A6/LHX1,4
GO:0150063,visual system development,4/11,392/18903,5.355016729590051e-5,0.005324083224652752,0.002984106797139615,LHX2/VIM/SLC17A6/LHX1,4
GO:0048880,sensory system development,4/11,398/18903,5.6815630495973495e-5,0.005324083224652752,0.002984106797139615,LHX2/VIM/SLC17A6/LHX1,4
GO:0007498,mesoderm development,3/11,136/18903,5.7619948318752727e-5,0.005324083224652752,0.002984106797139615,ITGA2/LHX2/LHX1,3
