,Term,fdr,es,nes
0,brain development (GO:0007420),0.0,0.8169164424041004,1.9463904424969494
1,central nervous system development (GO:0007417),0.002137848469300496,0.7216699489593108,1.7939613822173945
2,extracellular structure organization (GO:0043062),0.002850464625733995,0.7512110145400002,1.8491211178807712
3,external encapsulating structure organization (GO:0045229),0.002850464625733995,0.7512110145400002,1.8491211178807712
4,extracellular matrix organization (GO:0030198),0.0034205575508807935,0.6798417848438647,1.769301423730701
5,collagen fibril organization (GO:0030199),0.00997662619006898,0.727866126942554,1.7080365705401446
6,heart development (GO:0007507),0.015881160057660826,0.728175703352111,1.6865889002900223
