"ID","Description","GeneRatio","BgRatio","pvalue","p.adjust","qvalue","geneID","Count"
"GO:0099560","synaptic membrane adhesion","3/23","24/18903",3.13196360898665e-06,0.00169126034885279,0.00122970781700213,"EFNA5/MDGA1/NTNG1",3
"GO:0050808","synapse organization","6/23","432/18903",9.98593655743597e-06,0.00269620287050771,0.00196039701890717,"UNC13C/FLRT2/SDK2/EFNA5/MDGA1/NTNG1",6
"GO:0007416","synapse assembly","4/23","184/18903",6.65684174569515e-05,0.0119823151422513,0.00871228761805015,"FLRT2/SDK2/EFNA5/MDGA1",4
"GO:0051963","regulation of synapse assembly","3/23","104/18903",0.00026445951855936,0.0357020350055136,0.0259587895849056,"FLRT2/EFNA5/MDGA1",3
"GO:0098742","cell-cell adhesion via plasma-membrane adhesion molecules","4/23","282/18903",0.000343280236331227,0.0370742655237725,0.0269565322424311,"SDK2/EFNA5/MDGA1/NTNG1",4
