"ID","Description","GeneRatio","BgRatio","pvalue","p.adjust","qvalue","geneID","Count"
"GO:0072148","epithelial cell fate commitment","2/16","15/18903",7.00767276755853e-05,0.0242866246659992,0.016199959800968,"NR2F2/PROX1",2
"GO:0008356","asymmetric cell division","2/16","18/18903",0.000101960656047455,0.0242866246659992,0.016199959800968,"SOX5/ZBTB16",2
"GO:0032332","positive regulation of chondrocyte differentiation","2/16","20/18903",0.000126492836802079,0.0242866246659992,0.016199959800968,"SOX5/ZBTB16",2
"GO:0001945","lymph vessel development","2/16","31/18903",0.000307898025332967,0.0378158387077691,0.0252243807169878,"NR2F2/PROX1",2
"GO:0061036","positive regulation of cartilage development","2/16","32/18903",0.000328262488782718,0.0378158387077691,0.0252243807169878,"SOX5/ZBTB16",2
