name,shared name,type,avgExpression
PRKCB,PRKCB,None,0.0724144116284888
GABPA,GABPA,HSA21TF,0.601451678662171
E2F4,E2F4,GeneralTF,0.0575742537614502
RUNX1,RUNX1,HSA21TF,0.654284266741855
MIMAT0000078,MIMAT0000078,None,0.0
SON,SON,HSA21gene,0.559122057430528
HMGB2,HMGB2,GeneralTF,-0.0943936108028714
