name,shared name,type,avgExpression
APP,APP,HSA21gene,0.696731563295763
CDK5,CDK5,NeuroDev,0.152059581712372
NRIP1,NRIP1,HSA21gene,0.401479191969281
AR,AR,GeneralTF,-0.339977118911973
ERG,ERG,HSA21TF,0.0
GABPA,GABPA,HSA21TF,0.601451678662171
E2F4,E2F4,GeneralTF,0.0575742537614502
RBFOX2,RBFOX2,NeuroDev,0.159133511922871
