name,shared name,type,avgExpression
UBE2I,UBE2I,None,0.0042858919874908
CDK1,CDK1,None,-0.15490979691542
ETS2,ETS2,HSA21TF,0.417956594380445
SOX4,SOX4,NeuroDisease,0.213148993687883
