name,shared name,type,avgExpression
WNT1,WNT1,NeuroDisease,0.0
AKT1,AKT1,NeuroDev,-0.0323540500326005
TTC3,TTC3,HSA21gene,0.609639247666598
TIAM1,TIAM1,HSA21gene,0.749437566349536
RUNX1,RUNX1,HSA21TF,0.654284266741855
E2F4,E2F4,GeneralTF,0.0575742537614502
GABPA,GABPA,HSA21TF,0.601451678662171
TCF12,TCF12,NeuroDisease,0.0198461693368645
CTBP2,CTBP2,GeneralTF,-0.205260156737087
ERG,ERG,HSA21TF,0.0
DLX5,DLX5,NeuroDev,1.15915726089122
