name,shared name,type,avgExpression
NRIP1,NRIP1,HSA21gene,0.401479191969281
IFNAR2,IFNAR2,HSA21gene,0.697366973528535
IFNGR2,IFNGR2,HSA21gene,0.614867772688703
IFNAR1,IFNAR1,HSA21gene,0.737153966792477
AR,AR,GeneralTF,-0.339977118911973
ERG,ERG,HSA21TF,0.0
GABPA,GABPA,HSA21TF,0.601451678662171
E2F4,E2F4,GeneralTF,0.0575742537614502
STAT1,STAT1,GeneralTF,-0.194323256277566
MIMAT0000436,MIMAT0000436,None,0.0
RUNX1,RUNX1,HSA21TF,0.654284266741855
PBX3,PBX3,NeuroDev,0.438476125726903
