name,shared name,type,avgExpression
PKNOX1,PKNOX1,HSA21TF,0.53000727131577
SIX3,SIX3,NeuroDisease,0.538426232938441
PAX6,PAX6,NeuroDisease,-0.460448956574269
TLE1,TLE1,None,-0.0828449613489
RUNX1,RUNX1,HSA21TF,0.654284266741855
TCF12,TCF12,NeuroDisease,0.0198461693368645
CTBP2,CTBP2,GeneralTF,-0.205260156737087
