name,shared name,type,avgExpression
RPL6,RPL6,GeneralTF,-0.264458251563538
SOX4,SOX4,NeuroDisease,0.213148993687883
YBX1,YBX1,GeneralTF,-0.0993529502217044
SOX11,SOX11,NeuroDisease,0.236587078663327
SOD1,SOD1,HSA21TF,0.416754789446342
PAX6,PAX6,NeuroDisease,-0.460448956574269
TCF4,TCF4,NeuroDisease,-0.121605040496533
