ID,Description,GeneRatio,BgRatio,pvalue,p.adjust,qvalue,geneID,Count
GO:0002181,cytoplasmic translation,10/99,161/18903,1.2331175481302933e-8,2.2122128813457462e-5,2.0521672037831514e-5,RPS8/RPL5/RPL12/RPS3/RPLP0/RPL13/RPL17/RPL18A/RPL18/EIF3L,10
GO:0003002,regionalization,11/99,360/18903,2.8965561932666444e-6,0.00259821090536018,0.002410239653449771,DMRTA2/OTX1/IFT57/HES1/LEF1/DMRT3/LHX2/EMX2/LRP4/DYNC2H1/WNT7B,11
GO:0030900,forebrain development,11/99,383/18903,5.233986214966066e-6,0.0031123862992465,0.002887216299424231,DMRTA2/OTX1/HES1/LEF1/ID4/LHX2/EMX2/DYNC2H1/LHX5/CCDC85C/WNT7B,11
GO:0021871,forebrain regionalization,4/99,24/18903,6.939545817717948e-6,0.0031123862992465,0.002887216299424231,DMRTA2/LHX2/EMX2/WNT7B,4
GO:0061351,neural precursor cell proliferation,7/99,149/18903,1.3332779175261367e-5,0.0047838011680837785,0.0044377102897027836,DMRTA2/LEF1/ID4/LHX2/EMX2/LHX5/EML1,7
