name,shared name,type,avgExpression
MAPK14,MAPK14,None,0.0736353810720352
SRC,SRC,NeuroDev,-0.0428471829072877
TIAM1,TIAM1,HSA21gene,0.749437566349536
APP,APP,HSA21gene,0.696731563295763
MAPK8,MAPK8,None,0.0368909683300027
DLX5,DLX5,NeuroDev,1.15915726089122
