name,shared name,type,avgExpression
GZMA,GZMA,None,0.0
IFNAR1,IFNAR1,HSA21gene,0.737153966792477
TYK2,TYK2,None,0.0662680041726459
IFNAR2,IFNAR2,HSA21gene,0.697366973528535
JAK2,JAK2,NeuroDev,0.0087607456294986
IFNGR2,IFNGR2,HSA21gene,0.614867772688703
IL10RB,IL10RB,HSA21gene,0.550301863806562
HMGB2,HMGB2,GeneralTF,-0.0943936108028714
