name,shared name,type,avgExpression
PKNOX1,PKNOX1,HSA21TF,0.53000727131577
SIX3,SIX3,NeuroDisease,0.538426232938441
PAX6,PAX6,NeuroDisease,-0.460448956574269
SMAD3,SMAD3,GeneralTF,-0.394794958854225
TLE1,TLE1,None,-0.0828449613489
TLE5,TLE5,None,-0.036542577710352
HDAC1,HDAC1,NeuroDev,-0.403865420498788
NRIP1,NRIP1,HSA21gene,0.401479191969281
WNT1,WNT1,NeuroDisease,0.0
RUNX1,RUNX1,HSA21TF,0.654284266741855
ERG,ERG,HSA21TF,0.0
