name,shared name,type,avgExpression
UBE2I,UBE2I,None,0.0042858919874908
IL5,IL5,None,0.0
APP,APP,HSA21gene,0.696731563295763
MAPK8,MAPK8,None,0.0368909683300027
GSK3B,GSK3B,NeuroDev,0.0458953188157226
IL5RA,IL5RA,None,0.0
AR,AR,GeneralTF,-0.339977118911973
NRIP1,NRIP1,HSA21gene,0.401479191969281
RUNX1,RUNX1,HSA21TF,0.654284266741855
CEBPA,CEBPA,GeneralTF,0.0
ETS2,ETS2,HSA21TF,0.417956594380445
JUND,JUND,GeneralTF,-0.268160033811389
SOX4,SOX4,NeuroDisease,0.213148993687883
