ID,Description,GeneRatio,BgRatio,pvalue,p.adjust,qvalue,geneID,Count
GO:0010975,regulation of neuron projection development,21/241,446/18903,2.990530137252712e-7,5.709423056863227e-4,5.29450376505933e-4,ACAP3/ELAVL4/DNM3/CCDC88A/TNIK/CRMP1/LZTS1/STMN2/SHTN1/BRSK2/MYCBP2/PARP6/SARM1/SEZ6/CDK5R1/MAPT/NEDD4L/SNAP25/TIAM1/KREMEN1/L1CAM,21
GO:0016358,dendrite development,15/241,237/18903,4.0942438557642354e-7,5.709423056863227e-4,5.29450376505933e-4,ELAVL4/DNM3/TNIK/ACTL6B/LZTS1/ASAP1/DCLK1/MAP1A/PARP6/SARM1/SEZ6/CDK5R1/NEDD4L/MAPK8IP2/HPRT1,15
GO:0042391,regulation of membrane potential,20/241,431/18903,7.275337332594373e-7,6.763638606868569e-4,6.272106605678728e-4,PRKCZ/RIMS3/MLLT11/KCNH7/SCN3A/KCNH8/ANK2/GNAQ/KCNIP2/KCNC1/KMT2A/SCN3B/SCN8A/AKAP6/GABRB3/SEZ6/MAPT/NEDD4L/ATP1A3/MAPK8IP2,20
GO:0006887,exocytosis,17/241,369/18903,5.5783114848134305e-6,0.003111582146228931,0.0028854550143550734,RIMS3/SV2A/CDK5R2/STXBP5L/PFN2/RAB3C/MICAL1/APBA1/BRSK2/RAB3IP/EXOC5/SYT16/CHGA/SCAMP5/SNAP25/SYNJ1/ITSN1,17
GO:0099504,synaptic vesicle cycle,12/241,192/18903,6.850564105973092e-6,0.0031583833245725237,0.0029288550238624257,RIMS3/SV2A/DNM3/BSN/PFN2/APBA1/BRSK2/AP3B2/CDK5R1/SNAP25/SYNJ1/ITSN1,12
GO:0003357,noradrenergic neuron differentiation,4/241,11/18903,7.92710049193534e-6,0.0031583833245725237,0.0029288550238624257,SOX11/SOX4/INSM1/ZC4H2,4
GO:0001764,neuron migration,11/241,177/18903,1.7512752667147718e-5,0.0047217943902270005,0.004378648758010886,ACAP3/ARHGEF2/ASTN1/CDK5R2/TOP2B/SCRT1/SHTN1/KIRREL3/DCLK1/ADGRG1/CDK5R1,11
GO:0048857,neural nucleus development,7/241,65/18903,1.8623068588202586e-5,0.0047217943902270005,0.004378648758010886,CDK5R2/INA/KCNC1/KIRREL3/CDK5R1/ZNF430/ATP5PF,7
GO:0050808,synapse organization,17/241,432/18903,4.2219549863755436e-5,0.009812527047501159,0.009099424036425184,DNM3/LHFPL4/BSN/CAMKV/PFN2/LRRN3/INA/KIRREL3/MYCBP2/GABRB3/SEZ6L2/SEZ6/CDK5R1/MAPT/INSR/ZC4H2/L1CAM,17
