ID,Description,GeneRatio,BgRatio,pvalue,p.adjust,qvalue,geneID,Count
GO:0034329,cell junction assembly,9/46,430/18903,7.837942866090343e-7,8.245515895127041e-4,6.897389722159503e-4,PKP4/NLGN1/LIMCH1/GRID2/CDH12/EPHA7/MPDZ/GPC6/CDH20,9
GO:0098742,cell-cell adhesion via plasma-membrane adhesion molecules,7/46,282/18903,4.966882397296787e-6,0.00261258014097811,0.0021854282548105864,DAB1/NLGN1/GRID2/CDH12/PCDH15/GPC6/CDH20,7
GO:0051963,regulation of synapse assembly,4/46,104/18903,1.1812100649224284e-4,0.03270921679553502,0.027361322034287858,NLGN1/GRID2/EPHA7/GPC6,4
GO:1901888,regulation of cell junction assembly,5/46,204/18903,1.3334409380384019e-4,0.03270921679553502,0.027361322034287858,NLGN1/LIMCH1/GRID2/EPHA7/GPC6,5
GO:0016339,calcium-dependent cell-cell adhesion via plasma membrane cell adhesion molecules,3/46,43/18903,1.5546205701299915e-4,0.03270921679553502,0.027361322034287858,NLGN1/CDH12/CDH20,3
