ID,Description,GeneRatio,BgRatio,pvalue,p.adjust,qvalue,geneID,Count
GO:0048488,synaptic vesicle endocytosis,9/330,66/18903,2.0848182795361586e-6,0.003631753442951988,0.0034739656173744626,VAMP4/DNM3/DGKQ/CANX/DNM1/SYT1/SH3GL3/SYNJ1/ITSN1,9
GO:0140238,presynaptic endocytosis,9/330,66/18903,2.0848182795361586e-6,0.003631753442951988,0.0034739656173744626,VAMP4/DNM3/DGKQ/CANX/DNM1/SYT1/SH3GL3/SYNJ1/ITSN1,9
GO:0050808,synapse organization,22/330,432/18903,8.008159760430014e-6,0.008276889737348506,0.007917285911065736,NTNG1/DNM3/LHFPL4/DLG1/APBB2/EFNA5/MDGA1/CAMK2B/ACHE/CTTNBP2/ARHGAP39/PTPRO/LRFN5/FLRT2/UNC13C/NTRK3/SDK2/APP/DSCAM/DIP2A/CHCHD10/SEZ6L,22
GO:0036465,synaptic vesicle recycling,9/330,79/18903,9.502743670893807e-6,0.008276889737348506,0.007917285911065736,VAMP4/DNM3/DGKQ/CANX/DNM1/SYT1/SH3GL3/SYNJ1/ITSN1,9
GO:0090181,regulation of cholesterol metabolic process,6/330,39/18903,5.4289131342756436e-5,0.037828666719632684,0.03618513470129829,DGKQ/PRKAA1/EPHX2/LPCAT3/LDLR/SOD1,6
