ID,Description,GeneRatio,BgRatio,pvalue,p.adjust,qvalue,geneID,Count
GO:0050808,synapse organization,16/157,432/18903,6.522343547143408e-7,0.0013853457694132597,0.0012934837097703347,DNM3/LHFPL4/BSN/CAMKV/PFN2/LRRN3/INA/KIRREL3/GABRB3/SEZ6L2/SEZ6/CDK5R1/MAPT/INSR/CACNG2/ZC4H2,16
GO:0016358,dendrite development,11/157,237/18903,4.787279098501527e-6,0.005084090402608621,0.004746965169250988,ELAVL4/DNM3/TNIK/ACTL6B/LZTS1/CPEB3/DCLK1/MAP1A/PARP6/SEZ6/CDK5R1,11
GO:0042391,regulation of membrane potential,14/157,431/18903,1.4992540394539328e-5,0.009248880300621288,0.008635588505486425,PRKCZ/GRIK3/MLLT11/KCNH7/SCN3A/KCNH8/ANK2/SCN3B/AKAP6/GABRB3/SEZ6/MAPT/ATP1A3/CACNG2,14
GO:0001764,neuron migration,9/157,177/18903,1.7417853673486416e-5,0.009248880300621288,0.008635588505486425,ACAP3/ARHGEF2/ASTN1/SCRT1/SHTN1/KIRREL3/DCLK1/ADGRG1/CDK5R1,9
