ID,Description,GeneRatio,BgRatio,pvalue,p.adjust,qvalue,geneID,Count
GO:0051963,regulation of synapse assembly,6/61,104/18903,1.041847515125781e-6,0.0012283389324888208,0.0010252483381219823,NRXN1/LHFPL4/EPHB1/LRRN3/LRFN5/APP,6
GO:0007416,synapse assembly,7/61,184/18903,2.0679106607555905e-6,0.0012283389324888208,0.0010252483381219823,DNM3/NRXN1/LHFPL4/EPHB1/LRRN3/LRFN5/APP,7
GO:0050807,regulation of synapse organization,7/61,209/18903,4.804915941570241e-6,0.00171870111427685,0.0014345352203161375,DNM3/NRXN1/LHFPL4/EPHB1/LRRN3/LRFN5/APP,7
GO:0050803,regulation of synapse structure or activity,7/61,215/18903,5.786872438642592e-6,0.00171870111427685,0.0014345352203161375,DNM3/NRXN1/LHFPL4/EPHB1/LRRN3/LRFN5/APP,7
GO:0034329,cell junction assembly,9/61,430/18903,9.125979230503706e-6,0.0021683326651676803,0.001809825775817788,DNM3/NRXN1/LHFPL4/EPHB1/ANK2/LRRN3/LRFN5/MYO9A/APP,9
GO:1901888,regulation of cell junction assembly,6/61,204/18903,4.972652569678428e-5,0.009845852087963286,0.00821796266778435,NRXN1/LHFPL4/EPHB1/LRRN3/LRFN5/APP,6
