ID,Description,GeneRatio,BgRatio,pvalue,p.adjust,qvalue,geneID,Count
GO:0043010,camera-type eye development,4/11,340/18903,3.070991976359321e-5,0.005324083224652752,0.002984106797139615,LHX2/VIM/SLC17A6/LHX1,4
GO:0001654,eye development,4/11,388/18903,5.145121812627474e-5,0.005324083224652752,0.002984106797139615,LHX2/VIM/SLC17A6/LHX1,4
GO:0150063,visual system development,4/11,392/18903,5.355016729590051e-5,0.005324083224652752,0.002984106797139615,LHX2/VIM/SLC17A6/LHX1,4
GO:0048880,sensory system development,4/11,398/18903,5.6815630495973495e-5,0.005324083224652752,0.002984106797139615,LHX2/VIM/SLC17A6/LHX1,4
GO:0007498,mesoderm development,3/11,136/18903,5.7619948318752727e-5,0.005324083224652752,0.002984106797139615,ITGA2/LHX2/LHX1,3
GO:0021871,forebrain regionalization,2/11,24/18903,8.437810880837022e-5,0.006497114378244507,0.003641581538045451,LHX2/LHX1,2
GO:0032967,positive regulation of collagen biosynthetic process,2/11,27/18903,1.0720478369267269e-4,0.006665196403382976,0.003735790191916637,ITGA2/VIM,2
GO:0010714,positive regulation of collagen metabolic process,2/11,28/18903,1.1541465633563595e-4,0.006665196403382976,0.003735790191916637,ITGA2/VIM,2
