ID,Description,GeneRatio,BgRatio,pvalue,p.adjust,qvalue,geneID,Count
GO:0043010,camera-type eye development,4/13,340/18903,6.466676753166166e-5,0.009319281031401012,0.005722365545597113,LHX2/VIM/SLC17A6/LHX1,4
GO:0007498,mesoderm development,3/13,136/18903,9.882592010079578e-5,0.009319281031401012,0.005722365545597113,ITGA2/LHX2/LHX1,3
GO:0001654,eye development,4/13,388/18903,1.079004556031338e-4,0.009319281031401012,0.005722365545597113,LHX2/VIM/SLC17A6/LHX1,4
GO:0150063,visual system development,4/13,392/18903,1.1226399486148679e-4,0.009319281031401012,0.005722365545597113,LHX2/VIM/SLC17A6/LHX1,4
GO:0048880,sensory system development,4/13,398/18903,1.1904894216341037e-4,0.009319281031401012,0.005722365545597113,LHX2/VIM/SLC17A6/LHX1,4
