ID,Description,GeneRatio,BgRatio,pvalue,p.adjust,qvalue,geneID,Count
GO:0099174,regulation of presynapse organization,2/6,34/18903,4.689041567047883e-5,0.007525911715111852,0.003381045761502947,LRFN5/APP,2
GO:1905606,regulation of presynapse assembly,2/6,34/18903,4.689041567047883e-5,0.007525911715111852,0.003381045761502947,LRFN5/APP,2
GO:0099054,presynapse assembly,2/6,49/18903,9.80863548584372e-5,0.008871678861086257,0.003985637002685087,LRFN5/APP,2
GO:0099172,presynapse organization,2/6,52/18903,1.1055051540294401e-4,0.008871678861086257,0.003985637002685087,LRFN5/APP,2
