ID,Description,GeneRatio,BgRatio,pvalue,p.adjust,qvalue,geneID,Count
GO:1901888,regulation of cell junction assembly,4/21,204/18903,6.825598424958424e-5,0.028228247536556388,0.01947914157493365,NLGN1/LIMCH1/GRID2/GPC6,4
GO:0034329,cell junction assembly,5/21,430/18903,8.961348424303616e-5,0.028228247536556388,0.01947914157493365,NLGN1/LIMCH1/GRID2/MPDZ/GPC6,5
GO:0051963,regulation of synapse assembly,3/21,104/18903,2.0020077199634786e-4,0.029929057333770947,0.020652799797572938,NLGN1/GRID2/GPC6,3
GO:0098742,cell-cell adhesion via plasma-membrane adhesion molecules,4/21,282/18903,2.375322010616742e-4,0.029929057333770947,0.020652799797572938,DAB1/NLGN1/GRID2/GPC6,4
GO:0030902,hindbrain development,3/21,153/18903,6.213167539749635e-4,0.033886192672530256,0.023383454592740178,DAB1/GRID2/AHI1,3
GO:0007416,synapse assembly,3/21,184/18903,0.0010605514939967357,0.047488428788754034,0.032769792965339044,NLGN1/GRID2/GPC6,3
GO:0050807,regulation of synapse organization,3/21,209/18903,0.001529760452649233,0.04818745425845084,0.03325216141811228,NLGN1/GRID2/GPC6,3
GO:0050803,regulation of synapse structure or activity,3/21,215/18903,0.0016588839934670676,0.049766519804012026,0.034341808987563865,NLGN1/GRID2/GPC6,3
