ID,Description,GeneRatio,BgRatio,pvalue,p.adjust,qvalue,geneID,Count
GO:0000377,"RNA splicing, via transesterification reactions with bulged adenosine as nucleophile",3/10,329/18903,5.725204798677822e-4,0.034397390295423914,0.019768615112312597,PAXBP1/SON/DYRK1A,3
GO:0000398,"mRNA splicing, via spliceosome",3/10,329/18903,5.725204798677822e-4,0.034397390295423914,0.019768615112312597,PAXBP1/SON/DYRK1A,3
GO:0000375,"RNA splicing, via transesterification reactions",3/10,333/18903,5.930584533693778e-4,0.034397390295423914,0.019768615112312597,PAXBP1/SON/DYRK1A,3
