ID,Description,GeneRatio,BgRatio,pvalue,p.adjust,qvalue,geneID,Count
GO:0021871,forebrain regionalization,4/60,24/18903,9.291533307420076e-7,0.0013955883027744953,0.0012323507334051891,DMRTA2/EOMES/PAX6/WNT7B,4
GO:0021978,telencephalon regionalization,3/60,13/18903,8.500498474593872e-6,0.006383874354419998,0.00563717267262541,DMRTA2/EOMES/PAX6,3
