ID,Description,GeneRatio,BgRatio,pvalue,p.adjust,qvalue,geneID,Count
GO:0002181,cytoplasmic translation,10/55,161/18903,3.189857603008664e-11,4.2010424631624104e-8,3.4584771906304466e-8,RPS8/RPL5/RPL12/RPS3/RPLP0/RPL13/RPL17/RPL18A/RPL18/EIF3L,10
GO:0060711,labyrinthine layer development,4/55,47/18903,1.0424151653628946e-5,0.006864303863914661,0.005650987475388324,HES1/LEF1/ZFP36L1/WNT7B,4
