ID,Description,GeneRatio,BgRatio,pvalue,p.adjust,qvalue,geneID,Count
GO:0007626,locomotory behavior,7/60,197/18903,2.9050314092583527e-6,0.0037997810833099253,0.0034890956189092426,ASTN1/FGF12/PAK5/APP/SOD1/RCAN1/CSTB,7
GO:0019226,transmission of nerve impulse,4/60,76/18903,9.919205697945475e-5,0.04520026756153018,0.04150451093489935,SCN3A/FGF12/CACNG8/SOD1,4
GO:0016358,dendrite development,6/60,237/18903,1.0367033844387655e-4,0.04520026756153018,0.04150451093489935,DNM3/CAMSAP2/TNIK/CPEB3/APP/DIP2A,6
