ID,Description,GeneRatio,BgRatio,pvalue,p.adjust,qvalue,geneID,Count
GO:0050808,synapse organization,3/12,432/18903,0.0022362482358861298,0.07197554770722994,0.03571718908779832,ROBO2/ADGRB3/LRRC4C,3
GO:0010975,regulation of neuron projection development,3/12,446/18903,0.002448948802986643,0.07197554770722994,0.03571718908779832,ROBO2/ADGRB3/LRRC4C,3
