ID,Description,GeneRatio,BgRatio,pvalue,p.adjust,qvalue,geneID,Count
GO:0002181,cytoplasmic translation,9/37,161/18903,1.9103730128143604e-11,1.3487233470469384e-8,1.1582893214537596e-8,RPS7/RPL12/RPL7A/RPS3/RPL13/RPL19/RPL17/RPL18A/EIF3L,9
GO:2001235,positive regulation of apoptotic signaling pathway,4/37,135/18903,1.3685786137473352e-4,0.048310825065280935,0.041489541132550795,RPS7/RPS3/CTSC/EIF5A,4
