cluster,p,padj
IN_2,0.3836804868787848,0.5481149812554069
IN_1,0.9723423322317466,0.9723423322317466
IN,0.28608736768888815,0.5481149812554069
nIN_1,0.2571725708570201,0.5481149812554069
nIN,0.9067240793740554,0.9723423322317466
nEN_1,0.2794541591867682,0.5481149812554069
nEN,0.5447607661849052,0.6809509577311315
IPC,0.07230949454680372,0.36154747273401855
MGE,0.3685928298688642,0.5481149812554069
RG,0.020613181637022672,0.2061318163702267
