name,shared name,type,avgExpression
BACE2,BACE2,HSA21gene,2.25829294270263
ID2,ID2,NeuroDev,-0.387088454160459
NOTCH1,NOTCH1,NeuroDev,-0.0001437683355424
JAK2,JAK2,NeuroDev,0.0087607456294986
IFNGR2,IFNGR2,HSA21gene,0.614867772688703
DYRK1A,DYRK1A,HSA21gene,0.673850085043316
IL10RB,IL10RB,HSA21gene,0.550301863806562
APP,APP,HSA21gene,0.696731563295763
IFNAR1,IFNAR1,HSA21gene,0.737153966792477
IFNAR2,IFNAR2,HSA21gene,0.697366973528535
ATOH1,ATOH1,NeuroDev,0.0
