name,shared name,type,avgExpression
JAK2,JAK2,NeuroDev,0.0087607456294986
IFNGR2,IFNGR2,HSA21gene,0.614867772688703
AKT1,AKT1,NeuroDev,-0.0323540500326005
TTC3,TTC3,HSA21gene,0.609639247666598
HES5,HES5,NeuroDev,0.408843156065064
