name,shared name,type,avgExpression
SMAD3,SMAD3,GeneralTF,-0.394794958854225
APP,APP,HSA21gene,0.696731563295763
NOTCH1,NOTCH1,NeuroDev,-0.0001437683355424
RUNX1,RUNX1,HSA21TF,0.654284266741855
HEY1,HEY1,GeneralTF,0.235205518013278
