name,shared name,type,avgExpression
BACE2,BACE2,HSA21gene,2.25829294270263
NOTCH1,NOTCH1,NeuroDev,-0.0001437683355424
HEY2,HEY2,GeneralTF,-2.27877192338348
DYRK1A,DYRK1A,HSA21gene,0.673850085043316
APP,APP,HSA21gene,0.696731563295763
