name,shared name,type,avgExpression
DYRK1A,DYRK1A,HSA21gene,0.673850085043316
SUMO3,SUMO3,HSA21gene,0.345752489264753
IFNAR2,IFNAR2,HSA21gene,0.697366973528535
RUNX1,RUNX1,HSA21TF,0.654284266741855
ETS2,ETS2,HSA21TF,0.417956594380445
IFNGR2,IFNGR2,HSA21gene,0.614867772688703
CEBPA,CEBPA,GeneralTF,0.0
ETS1,ETS1,GeneralTF,-0.316553434874167
FOXO3,FOXO3,GeneralTF,-0.0237688365126337
STAT1,STAT1,GeneralTF,-0.194323256277566
ID1,ID1,NeuroDev,-0.992260582943818
