name,shared name,type,avgExpression
CDK2,CDK2,None,-0.15365076430708
ITGB2,ITGB2,HSA21gene,0.0
PTK2B,PTK2B,NeuroDev,0.0986664962319277
DYRK1A,DYRK1A,HSA21gene,0.673850085043316
ETS2,ETS2,HSA21TF,0.417956594380445
CBS,CBS,HSA21gene,0.0
ETS1,ETS1,GeneralTF,-0.316553434874167
SPI1,SPI1,GeneralTF,0.0
MYC,MYC,GeneralTF,0.419796940702092
RUNX1,RUNX1,HSA21TF,0.654284266741855
ID3,ID3,NeuroDev,-2.01152545492935
