name,shared name,type,avgExpression
ITSN1,ITSN1,HSA21gene,0.519088229593054
SMAD4,SMAD4,NeuroDisease,0.0478346914113743
CDC42,CDC42,NeuroDisease,0.135178991776851
NRIP1,NRIP1,HSA21gene,0.401479191969281
GABPA,GABPA,HSA21TF,0.601451678662171
E2F4,E2F4,GeneralTF,0.0575742537614502
ID4,ID4,NeuroDev,-0.403826429607414
