name,shared name,type,avgExpression
APP,APP,HSA21gene,0.696731563295763
GSK3B,GSK3B,NeuroDev,0.0458953188157226
CDK1,CDK1,None,-0.15490979691542
CDK2,CDK2,None,-0.15365076430708
DYRK1A,DYRK1A,HSA21gene,0.673850085043316
CBS,CBS,HSA21gene,0.0
ETS2,ETS2,HSA21TF,0.417956594380445
NEUROD1,NEUROD1,NeuroDev,-2.20739323726664
