name,shared name,type,avgExpression
SIRT1,SIRT1,None,-0.171724500172368
DYRK1A,DYRK1A,HSA21gene,0.673850085043316
SIK1,SIK1,HSA21gene,0.0
BACE2,BACE2,HSA21gene,2.25829294270263
MORC3,MORC3,HSA21gene,0.580910146978382
ETS2,ETS2,HSA21TF,0.417956594380445
TP53,TP53,NeuroDev,-0.173648643550085
NHLH2,NHLH2,NeuroDev,-2.39923610257432
