name,shared name,type,avgExpression
ID2,ID2,NeuroDev,-0.387088454160459
DYRK1A,DYRK1A,HSA21gene,0.673850085043316
NRIP1,NRIP1,HSA21gene,0.401479191969281
AR,AR,GeneralTF,-0.339977118911973
MYC,MYC,GeneralTF,0.419796940702092
ETS2,ETS2,HSA21TF,0.417956594380445
TCF12,TCF12,NeuroDisease,0.0198461693368645
