name,shared name,type,avgExpression
TCF4,TCF4,NeuroDisease,-0.121605040496533
ID2,ID2,NeuroDev,-0.387088454160459
NRIP1,NRIP1,HSA21gene,0.401479191969281
DYRK1A,DYRK1A,HSA21gene,0.673850085043316
MAP4K4,MAP4K4,NeuroDev,-0.088970259473577
AR,AR,GeneralTF,-0.339977118911973
ZNF225,ZNF225,GeneralTF,0.0
ETS2,ETS2,HSA21TF,0.417956594380445
RUNX1,RUNX1,HSA21TF,0.654284266741855
FOXP1,FOXP1,NeuroDisease,0.0879010102888182
