name,shared name,type,avgExpression
HLCS,HLCS,HSA21TF,0.808380595797371
SOD1,SOD1,HSA21TF,0.416754789446342
ADARB1,ADARB1,HSA21TF,0.686518406640663
AP001527.2,AP001527.2,None,0.0
MT-ND3,MT-ND3,None,-0.307297396870316
GSTP1,GSTP1,NeuroDev,-0.0089381204833565
EYA1,EYA1,NeuroDev,0.0
SPINT2,SPINT2,NeuroDev,-0.172464442109114
MT-ND2,MT-ND2,None,-0.478448400940699
